source,controller,joint,angle_deg,outbound_samples,outbound_duration_s,outbound_rate_hz,desired_delta_deg,actual_delta_deg,achieved_pct,final_error_deg,max_abs_error_deg,rms_error_deg,max_abs_tau_cmd_joint,max_abs_tau_state_joint,max_abs_dq_actual_joint,q_des_prefix,tau_cmd_prefix,tau_state_prefix,file
sdk,sdk_lowcmd,1,5.0,1248,4.99487057100032,249.85632405487212,4.9999999998071,4.897389068871712,97.94778138121308,0.10260068565163231,0.16895965915485175,0.1224638462952206,0.002832812556416331,1.1540855169296265,0.05008093640208244,q_cmd,tau_sdk_cmd,tau_state,logs/sim_compare_joint_controllers_20260613_053905/sdk_lowcmd/workspace_j1_pos5deg_sdk_lowcmd.csv
sim,augpd_fric2p5,1,5.0,3315,7.9989418299999215,414.42981714995574,5.000000000000001,5.001448954116706,100.0289790823341,-0.0014499736868659545,0.0894220600949592,0.03635663402298745,1.0470493760103277,nan,0.04421631588435424,q_des,tau_total,,logs/sim_compare_joint_controllers_20260613_053905/augpd_fric2p5_j1_pos5.csv
sim,augpd_nofric,1,5.0,2418,7.999988088000009,302.25045005091977,5.0,2.2034023153674998,44.068046307349995,2.7965999167110698,3.0706602506434946,2.460285716065633,1.0437612486176693,nan,0.03836657327218954,q_des,tau_total,,logs/sim_compare_joint_controllers_20260613_053905/augpd_nofric_j1_pos5.csv
sim,computed_torque_baseline,1,5.0,2897,7.999462352000137,362.14933860844434,5.000000000000001,0.005786879020612739,0.11573758041225475,4.994212106750778,4.997007238373446,3.9414614418209393,0.04014197658549713,nan,8.714727891351901e-05,q_des,tau_total,,logs/sim_compare_joint_controllers_20260613_053905/computed_torque_baseline_j1_pos5.csv
sim,cpid_fric2p5,1,5.0,3132,7.997367069999882,391.62889143214556,5.000000000000001,4.997032835494326,99.9406567098865,0.0029637717759363074,0.144555643793302,0.06200687841419876,1.045639598609256,nan,0.04452188745032867,q_des,tau_total,,logs/sim_compare_joint_controllers_20260613_053905/cpid_fric2p5_j1_pos5.csv
sdk,sdk_lowcmd,1,10.0,1206,4.9948754950000875,241.44745974293377,9.999999999616135,9.894953107205417,98.9495310758525,0.10507079807281147,0.24341790640057742,0.14695274915966244,0.005666403900594779,1.3082919120788574,0.10349401831626892,q_cmd,tau_sdk_cmd,tau_state,logs/sim_compare_joint_controllers_20260613_053905/sdk_lowcmd/workspace_j1_pos10deg_sdk_lowcmd.csv
sim,augpd_fric2p5,1,10.0,3283,7.997826147000069,410.48654217514235,10.000000000000002,10.000218840460338,100.00218840460337,-0.00022041146478896735,0.17332347424106098,0.07540761304177838,1.0907814067903936,nan,0.08698663760550455,q_des,tau_total,,logs/sim_compare_joint_controllers_20260613_053905/augpd_fric2p5_j1_pos10.csv
sim,augpd_nofric,1,10.0,2540,7.998552225000026,317.55746897057884,10.0,7.205509296431398,72.05509296431399,2.7944966901536565,3.255249535205867,2.618047129075254,1.0902276419145365,nan,0.08566057222171497,q_des,tau_total,,logs/sim_compare_joint_controllers_20260613_053905/augpd_nofric_j1_pos10.csv
sim,computed_torque_baseline,1,10.0,3063,7.9986765119999745,382.9383517891678,10.000000000000002,0.012834434270859235,0.12834434270859232,9.987163565622522,9.993248804075643,7.974287980146211,0.08028147669411433,nan,9.511044843974884e-05,q_des,tau_total,,logs/sim_compare_joint_controllers_20260613_053905/computed_torque_baseline_j1_pos10.csv
sim,cpid_fric2p5,1,10.0,3184,7.9998996860001625,398.00499068407134,10.000000000000002,9.992175187274993,99.92175187274991,0.00782134627840927,0.263530337953067,0.12041956820666162,1.0904846503073915,nan,0.08866848054618272,q_des,tau_total,,logs/sim_compare_joint_controllers_20260613_053905/cpid_fric2p5_j1_pos10.csv
sdk,sdk_lowcmd,1,30.0,1224,4.9970094720001725,244.94650387566,29.999999999866446,29.89280443089729,99.64268143676789,0.10722971991500582,0.4082821596813387,0.22385982909311977,0.017001556382089302,2.092926502227783,0.27905288338661194,q_cmd,tau_sdk_cmd,tau_state,logs/sim_compare_joint_controllers_20260613_053905/sdk_lowcmd/workspace_j1_pos30deg_sdk_lowcmd.csv
sim,augpd_fric2p5,1,30.0,3317,7.999406718000046,414.6557509741538,29.999999999999996,30.004341576959394,100.01447192319799,-0.004342055326778832,0.47471768491994754,0.20165526845942253,1.270034058781571,nan,0.25894922983732427,q_des,tau_total,,logs/sim_compare_joint_controllers_20260613_053905/augpd_fric2p5_j1_pos30.csv
sim,augpd_nofric,1,30.0,2911,7.998258675000102,363.9542203228333,29.999999999999996,27.207689182278283,90.69229727426095,2.792313309305962,4.209851978940439,3.0521992491504304,1.2940589364811954,nan,0.2734309606345414,q_des,tau_total,,logs/sim_compare_joint_controllers_20260613_053905/augpd_nofric_j1_pos30.csv
sim,computed_torque_baseline,1,30.0,2901,7.9995228679999855,362.6466287889116,29.999999999999996,0.03908703536036434,0.13029011786788117,29.960910942863666,29.97943634243885,23.898103605864645,0.24081693479063693,nan,0.00018620914051240868,q_des,tau_total,,logs/sim_compare_joint_controllers_20260613_053905/computed_torque_baseline_j1_pos30.csv
sim,cpid_fric2p5,1,30.0,3177,7.997722237000062,397.2381017813004,29.999999999999996,29.981324435143147,99.93774811714383,0.018673165475201564,0.8175938821834758,0.3637176645254371,1.274660058282981,nan,0.26790418559103274,q_des,tau_total,,logs/sim_compare_joint_controllers_20260613_053905/cpid_fric2p5_j1_pos30.csv
sdk,sdk_lowcmd,2,5.0,1224,4.997082411000065,244.94292855879502,4.999999999979766,4.89618238097897,97.92364761997565,0.10381750704201566,0.1575759450181302,0.11173649149300124,3.804854679546294,5.404542446136475,0.049398697912693024,q_cmd,tau_sdk_cmd,tau_state,logs/sim_compare_joint_controllers_20260613_053905/sdk_lowcmd/workspace_j2_pos5deg_sdk_lowcmd.csv
sim,augpd_fric2p5,2,5.0,3351,7.998492530999783,418.95394501057774,5.0,4.921464849056132,98.42929698112265,0.07853515094625926,0.18717892460260888,0.11051353988740256,6.650717662128104,nan,0.17223371420826913,q_des,tau_total,,logs/sim_compare_joint_controllers_20260613_053905/augpd_fric2p5_j2_pos5.csv
sim,augpd_nofric,2,5.0,2990,7.997193852000009,373.8811457286651,5.0,1.875312403707625,37.5062480741525,3.124686960353901,3.3062003142883833,2.6467599000207267,5.230603346909591,nan,0.029292191126984533,q_des,tau_total,,logs/sim_compare_joint_controllers_20260613_053905/augpd_nofric_j2_pos5.csv
sim,computed_torque_baseline,2,5.0,3040,7.996194686999843,380.18083838584005,5.0,-2.784652404755763e-05,-0.0005569304809511527,5.000029056821131,5.000031369110593,3.9458927713243086,3.841808613385833,nan,0.0028724396809541464,q_des,tau_total,,logs/sim_compare_joint_controllers_20260613_053905/computed_torque_baseline_j2_pos5.csv
sim,cpid_fric2p5,2,5.0,3185,7.999206006000122,398.16451752973535,5.0,4.9041836208101035,98.08367241620206,0.0958151587503041,0.21757946837194309,0.1136551319543989,6.376988006770315,nan,0.1929995552322792,q_des,tau_total,,logs/sim_compare_joint_controllers_20260613_053905/cpid_fric2p5_j2_pos5.csv
sdk,sdk_lowcmd,2,10.0,1282,4.998371764999774,256.4835230898552,9.999999999996199,9.895763929559964,98.95763929563725,0.10423601259390451,0.22199782419156344,0.13495672794960295,3.806840928956905,5.620362281799316,0.1095408946275711,q_cmd,tau_sdk_cmd,tau_state,logs/sim_compare_joint_controllers_20260613_053905/sdk_lowcmd/workspace_j2_pos10deg_sdk_lowcmd.csv
sim,augpd_fric2p5,2,10.0,3307,7.998247895000077,413.46555438314135,10.0,9.904700664412482,99.04700664412483,0.09530054518472571,0.19416924755823461,0.10940580763163679,6.955976684748864,nan,0.20679734035325448,q_des,tau_total,,logs/sim_compare_joint_controllers_20260613_053905/augpd_fric2p5_j2_pos10.csv
sim,augpd_nofric,2,10.0,3279,7.998446530000024,409.95460652282316,10.0,6.862769181271834,68.62769181271834,3.1372306430947297,3.646675221155425,2.8975020966802654,5.290836900214253,nan,0.07889635080689561,q_des,tau_total,,logs/sim_compare_joint_controllers_20260613_053905/augpd_nofric_j2_pos10.csv
sim,computed_torque_baseline,2,10.0,2891,7.998459570000023,361.44459751266726,10.0,-2.5144573229673508e-05,-0.00025144573229673507,10.000026352551663,10.000026354361424,7.9182535880545,3.884472499831283,nan,0.0028718990854057136,q_des,tau_total,,logs/sim_compare_joint_controllers_20260613_053905/computed_torque_baseline_j2_pos10.csv
sim,cpid_fric2p5,2,10.0,3122,7.998337345999971,390.3311232004156,10.0,9.91407655481721,99.1407655481721,0.08592344518502905,0.2229180656210954,0.11326818571889254,6.471035654060626,nan,0.25432382486778043,q_des,tau_total,,logs/sim_compare_joint_controllers_20260613_053905/cpid_fric2p5_j2_pos10.csv
sdk,sdk_lowcmd,2,30.0,1236,4.99739276299988,247.32896904786062,29.99999999992251,29.89080270475381,99.63600901610337,0.10919729516870419,0.3987017855457224,0.20619321033082438,3.811019916211762,6.166650295257568,0.2946377396583557,q_cmd,tau_sdk_cmd,tau_state,logs/sim_compare_joint_controllers_20260613_053905/sdk_lowcmd/workspace_j2_pos30deg_sdk_lowcmd.csv
sim,augpd_fric2p5,2,30.0,3348,7.999191362999909,418.54230609935195,29.999999999999996,29.89143434342489,99.63811447808298,0.10856686848842247,0.18908865748099574,0.09781623816022116,7.921312624512488,nan,0.35903211456840556,q_des,tau_total,,logs/sim_compare_joint_controllers_20260613_053905/augpd_fric2p5_j2_pos30.csv
sim,augpd_nofric,2,30.0,3272,7.997692884000003,409.11798533123056,29.999999999999996,26.709905179854744,89.03301726618248,3.2900945313524677,4.83282535707329,3.478048819595135,5.4807951691699905,nan,0.25391424043174093,q_des,tau_total,,logs/sim_compare_joint_controllers_20260613_053905/augpd_nofric_j2_pos30.csv
sim,computed_torque_baseline,2,30.0,2773,7.998226606000117,346.7018548736477,29.999999999999996,-4.503432001683158e-06,-1.5011440005610527e-05,30.000004503434493,30.000004842394958,23.98042640437842,4.059903334606212,nan,0.00287198340399875,q_des,tau_total,,logs/sim_compare_joint_controllers_20260613_053905/computed_torque_baseline_j2_pos30.csv
sim,cpid_fric2p5,2,30.0,2989,7.999484665999944,373.6490692586848,29.999999999999996,29.91899322489894,99.7299774163298,0.08100677510324665,0.2816864775169457,0.10997771368899273,6.81598375936043,nan,0.4770703680799985,q_des,tau_total,,logs/sim_compare_joint_controllers_20260613_053905/cpid_fric2p5_j2_pos30.csv
sdk,sdk_lowcmd,3,-30.0,1254,4.996408219999921,250.98029319950558,-29.99999999972161,-29.885992944706217,99.61997648327849,-0.11401609967995918,0.37787459735729145,0.21033638330550367,7.381984068311948,9.656352996826172,0.3022429049015045,q_cmd,tau_sdk_cmd,tau_state,logs/sim_compare_joint_controllers_20260613_053905/sdk_lowcmd/workspace_j3_neg30deg_sdk_lowcmd.csv
sim,augpd_fric2p5,3,-30.0,3287,7.99968614699992,410.8911199263369,-29.999999999999996,-28.978549022388627,96.5951634079621,-1.021444388193649,2.0200342419363366,1.3730479458080076,9.178721282662586,nan,0.26244760394540484,q_des,tau_total,,logs/sim_compare_joint_controllers_20260613_053905/augpd_fric2p5_j3_neg30.csv
sim,augpd_nofric,3,-30.0,3341,7.998795890999986,417.68786771508906,-29.999999999999996,-26.616545847358317,88.7218194911944,-3.3834435867519597,4.804013328287751,3.599437760532672,9.210381358605211,nan,0.256264828582395,q_des,tau_total,,logs/sim_compare_joint_controllers_20260613_053905/augpd_nofric_j3_neg30.csv
sim,computed_torque_baseline,3,-30.0,2768,7.998049886999979,346.08436295191206,-29.999999999999996,-0.041926364211097494,0.139754547370325,-29.95807280759068,29.974199127959352,23.48477326813616,7.739886870269984,nan,0.002624450193015935,q_des,tau_total,,logs/sim_compare_joint_controllers_20260613_053905/computed_torque_baseline_j3_neg30.csv
sim,cpid_fric2p5,3,-30.0,2867,7.9967813939999814,358.5192415227359,-29.999999999999996,-29.01127586608204,96.70425288694014,-0.9887233280946063,2.388072806102335,1.3890544311315478,9.226697540559785,nan,0.3052567485123265,q_des,tau_total,,logs/sim_compare_joint_controllers_20260613_053905/cpid_fric2p5_j3_neg30.csv
sdk,sdk_lowcmd,3,-10.0,1273,4.998769598999843,254.66266744014422,-9.999999999998863,-9.880171403902747,98.8017140390387,-0.11982480747556125,0.2221522443238806,0.14177622941121956,7.373279271841635,9.22831916809082,0.09644178301095963,q_cmd,tau_sdk_cmd,tau_state,logs/sim_compare_joint_controllers_20260613_053905/sdk_lowcmd/workspace_j3_neg10deg_sdk_lowcmd.csv
sim,augpd_fric2p5,3,-10.0,3341,7.998689961000082,417.6933993303914,-10.0,-8.734738150099865,87.34738150099865,-1.2652305205959404,1.643303174817785,1.304528871406041,9.103409990834,nan,0.08661719258403247,q_des,tau_total,,logs/sim_compare_joint_controllers_20260613_053905/augpd_fric2p5_j3_neg10.csv
sim,augpd_nofric,3,-10.0,3209,7.998270149000064,401.2117545693535,-10.0,-6.416804974421338,64.16804974421339,-3.5831916982770036,4.070306447353019,3.3210302019174174,9.110918668934923,nan,0.07898345727392417,q_des,tau_total,,logs/sim_compare_joint_controllers_20260613_053905/augpd_nofric_j3_neg10.csv
sim,computed_torque_baseline,3,-10.0,2898,7.9994572380001046,362.27457860934965,-10.0,-0.04161318903104015,0.4161318903104015,-9.958356402736149,9.974341580999617,7.903811182403718,7.513858894762821,nan,0.0026249841800975323,q_des,tau_total,,logs/sim_compare_joint_controllers_20260613_053905/computed_torque_baseline_j3_neg10.csv
sim,cpid_fric2p5,3,-10.0,2989,7.999841432000039,373.63240576791287,-10.0,-8.757275948174293,87.57275948174293,-1.2426930201918123,1.6683009180535269,1.2951761070512895,9.136036103094979,nan,0.09403540934776528,q_des,tau_total,,logs/sim_compare_joint_controllers_20260613_053905/cpid_fric2p5_j3_neg10.csv
sdk,sdk_lowcmd,3,-5.0,1275,4.998985609000101,255.05174443881344,-4.999999999999751,-4.879766540482845,97.59533080966176,-0.1202307647938349,0.17488408680315407,0.12611351843115187,7.37199256516109,9.176281929016113,0.05187913030385971,q_cmd,tau_sdk_cmd,tau_state,logs/sim_compare_joint_controllers_20260613_053905/sdk_lowcmd/workspace_j3_neg5deg_sdk_lowcmd.csv
sim,augpd_fric2p5,3,-5.0,3310,7.999453286000062,413.77827729713357,-5.0,-3.707636087836935,74.1527217567387,-1.292333528326381,1.5170684748657455,1.2485962776036494,9.077885748775863,nan,0.04171944961249833,q_des,tau_total,,logs/sim_compare_joint_controllers_20260613_053905/augpd_fric2p5_j3_neg5.csv
sim,augpd_nofric,3,-5.0,3315,7.99953587899995,414.39904141219,-5.0,-1.4021343299658617,28.042686599317232,-3.5978583883297106,3.8003848184866555,3.067988836831335,9.052304416080988,nan,0.02336173445325195,q_des,tau_total,,logs/sim_compare_joint_controllers_20260613_053905/augpd_nofric_j3_neg5.csv
sim,computed_torque_baseline,3,-5.0,2820,7.99895152299996,352.54620457336836,-5.0,-0.03980793506722219,0.7961587013444438,-4.960191121868138,4.975669280441203,3.926581613024245,7.455284004396033,nan,0.002600509434050799,q_des,tau_total,,logs/sim_compare_joint_controllers_20260613_053905/computed_torque_baseline_j3_neg5.csv
sim,cpid_fric2p5,3,-5.0,3187,7.998762096999826,398.4366532410533,-5.0,-3.7338499863393184,74.67699972678636,-1.2661790010562581,1.5122230543049633,1.24068397095933,9.090203655863201,nan,0.04525997609828814,q_des,tau_total,,logs/sim_compare_joint_controllers_20260613_053905/cpid_fric2p5_j3_neg5.csv
sdk,sdk_lowcmd,4,-30.0,1291,4.99983750399997,258.20839156616074,-30.000000000000213,-29.82943948530661,99.43146495102134,-0.17055368450443117,0.5208709570540949,0.2960252610680449,2.135346953119014,4.788595676422119,0.29041385650634766,q_cmd,tau_sdk_cmd,tau_state,logs/sim_compare_joint_controllers_20260613_053905/sdk_lowcmd/workspace_j4_neg30deg_sdk_lowcmd.csv
sim,augpd_fric2p5,4,-30.0,2998,7.999800300999823,374.75935488355964,-29.999999999999996,-29.886041154929213,99.62013718309738,-0.11395888973330395,1.2143811341758395,0.6054226777222376,3.9984985171125556,nan,0.27600402664438617,q_des,tau_total,,logs/sim_compare_joint_controllers_20260613_053905/augpd_fric2p5_j4_neg30.csv
sim,augpd_nofric,4,-30.0,3309,7.999702382999999,413.6403883014307,-29.999999999999996,-24.041296066009043,80.13765355336349,-5.958698888372696,7.54672880732055,5.8153704869594645,4.021365767084545,nan,0.25750164805115944,q_des,tau_total,,logs/sim_compare_joint_controllers_20260613_053905/augpd_nofric_j4_neg30.csv
sim,computed_torque_baseline,4,-30.0,2760,7.997455788000025,345.10975404719443,-29.999999999999996,-0.016202835911746608,0.054009453039155365,-29.98380006276233,29.989432755972924,24.000665006834204,2.1926625208207637,nan,5.5921039828593286e-05,q_des,tau_total,,logs/sim_compare_joint_controllers_20260613_053905/computed_torque_baseline_j4_neg30.csv
sim,cpid_fric2p5,4,-30.0,2954,7.998201480000034,369.33303160549883,-29.999999999999996,-29.90041902087734,99.66806340292446,-0.09958377972339215,5.121720933429099,2.4578028719100127,4.009757841826049,nan,0.2913949851844514,q_des,tau_total,,logs/sim_compare_joint_controllers_20260613_053905/cpid_fric2p5_j4_neg30.csv
sdk,sdk_lowcmd,4,-10.0,1245,4.999838023999928,249.00806666612485,-10.0,-9.820336705617613,98.20336705617613,-0.17966841702426414,0.2843699063996542,0.2048213338437528,2.1346288555427084,3.975531578063965,0.095875583589077,q_cmd,tau_sdk_cmd,tau_state,logs/sim_compare_joint_controllers_20260613_053905/sdk_lowcmd/workspace_j4_neg10deg_sdk_lowcmd.csv
sim,augpd_fric2p5,4,-10.0,3202,7.999063025999931,400.2968834715152,-10.0,-9.585271971061426,95.85271971061427,-0.4147245789001755,0.7176723323702185,0.4890178883252129,3.862079920526079,nan,0.09000520504434763,q_des,tau_total,,logs/sim_compare_joint_controllers_20260613_053905/augpd_fric2p5_j4_neg10.csv
sim,augpd_nofric,4,-10.0,3298,7.998133411000026,412.3462101124971,-10.0,-3.8047642336954794,38.047642336954794,-6.195255171972513,6.5403543368200685,5.309006747711685,3.8507404719082956,nan,0.062474525313213056,q_des,tau_total,,logs/sim_compare_joint_controllers_20260613_053905/augpd_nofric_j4_neg10.csv
sim,computed_torque_baseline,4,-10.0,2868,7.999023244999989,358.5437761782631,-10.0,-0.015793899746431764,0.15793899746431767,-9.984208199786668,9.990225765229118,7.950635019233582,2.1646997962924077,nan,7.433882556919002e-05,q_des,tau_total,,logs/sim_compare_joint_controllers_20260613_053905/computed_torque_baseline_j4_neg10.csv
sim,cpid_fric2p5,4,-10.0,2952,7.9992237139999816,369.0358096665687,-10.0,-9.35758242224849,93.5758242224849,-0.6424217927722382,3.6415115247110856,2.138691114946447,3.856964817203814,nan,0.08385038704033256,q_des,tau_total,,logs/sim_compare_joint_controllers_20260613_053905/cpid_fric2p5_j4_neg10.csv
sdk,sdk_lowcmd,4,-5.0,1257,4.999843547000182,251.40786670298468,-5.0000000000000355,-4.819386174116051,96.38772348232034,-0.18064968437712678,0.23776853500416195,0.1837634058742061,2.134835895324059,3.8784961700439453,0.049271635711193085,q_cmd,tau_sdk_cmd,tau_state,logs/sim_compare_joint_controllers_20260613_053905/sdk_lowcmd/workspace_j4_neg5deg_sdk_lowcmd.csv
sim,augpd_fric2p5,4,-5.0,3321,7.998946154999885,415.1796918803047,-5.000000000000001,-4.546317541268362,90.92635082536722,-0.4536853470155836,0.5888946800428297,0.4652021128277922,3.8260879645971944,nan,0.04385350085712009,q_des,tau_total,,logs/sim_compare_joint_controllers_20260613_053905/augpd_fric2p5_j4_neg5.csv
sim,augpd_nofric,4,-5.0,3332,7.998369156999956,416.5849230757152,-5.0,0.007446495949974996,-0.14892991899949992,-5.0074566767562025,5.0074566767562025,3.961460609161181,3.466335581253789,nan,0.0016013297645664612,q_des,tau_total,,logs/sim_compare_joint_controllers_20260613_053905/augpd_nofric_j4_neg5.csv
sim,computed_torque_baseline,4,-5.0,2804,7.998415987000044,350.5694133135095,-5.000000000000001,-0.016065020051526126,0.3213004010305225,-4.983937919072949,4.990127572066511,3.980203598559922,2.157869652412195,nan,5.628904303955348e-05,q_des,tau_total,,logs/sim_compare_joint_controllers_20260613_053905/computed_torque_baseline_j4_neg5.csv
sim,cpid_fric2p5,4,-5.0,2961,7.99816579000003,370.20988033307435,-5.000000000000001,-3.953762903844354,79.07525807688707,-1.046239455726674,3.3140514150658285,2.0908190933211515,3.8114694401246005,nan,0.34417335019354955,q_des,tau_total,,logs/sim_compare_joint_controllers_20260613_053905/cpid_fric2p5_j4_neg5.csv
sdk,sdk_lowcmd,5,-30.0,1198,4.99981488200001,239.60887118300266,-29.99999999999978,-29.85690324907241,99.5230108302421,-0.14309675092737048,0.5980523654999981,0.3196860829561758,0.04596072715988294,1.9773154258728027,0.2978523075580597,q_cmd,tau_sdk_cmd,tau_state,logs/sim_compare_joint_controllers_20260613_053905/sdk_lowcmd/workspace_j5_neg30deg_sdk_lowcmd.csv
sim,augpd_fric2p5,5,-30.0,2917,7.99933274,364.6554149965263,-29.999999999999996,-30.092916499216848,100.30972166405617,0.09291676889532005,1.023610108953202,0.4550786156095319,1.2594818498185394,nan,0.2758254716868616,q_des,tau_total,,logs/sim_compare_joint_controllers_20260613_053905/augpd_fric2p5_j5_neg30.csv
sim,augpd_nofric,5,-30.0,3321,7.998814266999943,415.1865375473436,-29.999999999999996,-18.710716429482805,62.369054764942696,-11.289285228841152,14.145323492695638,10.655400568613564,1.2095121272240479,nan,0.2154225625672371,q_des,tau_total,,logs/sim_compare_joint_controllers_20260613_053905/augpd_nofric_j5_neg30.csv
sim,computed_torque_baseline,5,-30.0,2913,7.999792469999875,364.1344461027057,-29.999999999999996,-0.014002923671497457,0.04667641223832486,-29.985996969289857,29.99135371898079,23.701515775993357,0.0074706234186862975,nan,8.80516663030183e-05,q_des,tau_total,,logs/sim_compare_joint_controllers_20260613_053905/computed_torque_baseline_j5_neg30.csv
sim,cpid_fric2p5,5,-30.0,2934,7.998990266999954,366.7962957905193,-29.999999999999996,-29.918953644279952,99.72984548093318,-0.08104133537920712,2.924739450268373,1.4371479537043537,1.2359961013228353,nan,0.25982458774941636,q_des,tau_total,,logs/sim_compare_joint_controllers_20260613_053905/cpid_fric2p5_j5_neg30.csv
sdk,sdk_lowcmd,5,-10.0,1307,4.995680032000109,261.6260432269357,-9.999999999805953,-9.855111760003087,98.55111760194323,-0.14488823980286575,0.2820134845438263,0.18586050086043943,0.025181116305070333,1.2897588014602661,0.09698747098445892,q_cmd,tau_sdk_cmd,tau_state,logs/sim_compare_joint_controllers_20260613_053905/sdk_lowcmd/workspace_j5_neg10deg_sdk_lowcmd.csv
sim,augpd_fric2p5,5,-10.0,2984,7.998455821000107,373.07201124565165,-10.0,-10.02603811550395,100.2603811550395,0.026037168796328114,0.31302826042791954,0.14456270452843853,1.0852188111559644,nan,0.09102274498626077,q_des,tau_total,,logs/sim_compare_joint_controllers_20260613_053905/augpd_fric2p5_j5_neg10.csv
sim,augpd_nofric,5,-10.0,3262,7.9987898179999775,407.81169079595,-10.0,-0.04693636786472895,0.46936367864728945,-9.953065159983616,9.976838656164498,7.945193699403021,0.8716696183038745,nan,0.000197721979604992,q_des,tau_total,,logs/sim_compare_joint_controllers_20260613_053905/augpd_nofric_j5_neg10.csv
sim,computed_torque_baseline,5,-10.0,2993,7.99990281700002,374.12954487894405,-10.0,-0.01389964026333797,0.1389964026333797,-9.986100128542905,9.991420834501506,7.9391532234799485,0.0015910203233674043,nan,8.659328460706417e-05,q_des,tau_total,,logs/sim_compare_joint_controllers_20260613_053905/computed_torque_baseline_j5_neg10.csv
sim,cpid_fric2p5,5,-10.0,2990,7.999942440999803,373.75268910388826,-10.0,-9.901651066743746,99.01651066743746,-0.09834846043825214,0.7027878868311724,0.3406796966857149,1.0751074698069838,nan,0.08499061655693552,q_des,tau_total,,logs/sim_compare_joint_controllers_20260613_053905/cpid_fric2p5_j5_neg10.csv
sdk,sdk_lowcmd,5,-5.0,1271,4.997794263000287,254.31218916102208,-4.999999999993391,-4.855517447938595,97.11034895890026,-0.14445864639270065,0.21962902656883185,0.1591415760153337,0.019156157874288718,1.0960693359375,0.049570389091968536,q_cmd,tau_sdk_cmd,tau_state,logs/sim_compare_joint_controllers_20260613_053905/sdk_lowcmd/workspace_j5_neg5deg_sdk_lowcmd.csv
sim,augpd_fric2p5,5,-5.0,2929,7.999068135000016,366.16765235241917,-5.0,-5.012571074665538,100.25142149331077,0.012570240594283482,0.17154196065664565,0.0748197314549609,1.0437433551716047,nan,0.046235049073323646,q_des,tau_total,,logs/sim_compare_joint_controllers_20260613_053905/augpd_fric2p5_j5_neg5.csv
sim,augpd_nofric,5,-5.0,3305,7.999303029999965,413.16099510234636,-5.0,-0.029267879881140813,0.5853575976228163,-4.970734576466837,4.984859389238912,3.940817317383722,0.43551699410357875,nan,0.00013215463393604168,q_des,tau_total,,logs/sim_compare_joint_controllers_20260613_053905/augpd_nofric_j5_neg5.csv
sim,computed_torque_baseline,5,-5.0,2694,7.999185571999988,336.7842858190419,-5.0,-0.01325084838011296,0.2650169676022592,-4.986749027735552,4.992018152069093,4.009140098021964,0.0013567118360524513,nan,8.678567273450525e-05,q_des,tau_total,,logs/sim_compare_joint_controllers_20260613_053905/computed_torque_baseline_j5_neg5.csv
sim,cpid_fric2p5,5,-5.0,3003,7.999201452999841,375.4124730630233,-5.0,-4.897913203805535,97.9582640761107,-0.10208603382298877,0.39717873546821375,0.20382265635060579,1.0375506774806633,nan,0.04296587538318803,q_des,tau_total,,logs/sim_compare_joint_controllers_20260613_053905/cpid_fric2p5_j5_neg5.csv
sdk,sdk_lowcmd,5,5.0,1206,4.997431697000138,241.323958609367,4.999999999988045,4.85001573056215,97.00031461147493,0.14998426942589446,0.21640061604876307,0.1625400411878316,0.014863243239320818,1.168081283569336,0.047433316707611084,q_cmd,tau_sdk_cmd,tau_state,logs/sim_compare_joint_controllers_20260613_053905/sdk_lowcmd/workspace_j5_pos5deg_sdk_lowcmd.csv
sim,augpd_fric2p5,5,5.0,3013,7.999175957000034,376.6637983958011,5.0,5.009410366615415,100.18820733230831,-0.009410114851358052,0.1483820450296395,0.06786442687789092,1.042910256714486,nan,0.04555356383467166,q_des,tau_total,,logs/sim_compare_joint_controllers_20260613_053905/augpd_fric2p5_j5_pos5.csv
sim,augpd_nofric,5,5.0,3342,7.99779063699998,417.86540204478325,5.0,-0.020401898722091433,-0.40803797444182865,5.020405539827197,5.020405539827197,3.9709697653787672,0.44642347164763535,nan,0.00016346449548313867,q_des,tau_total,,logs/sim_compare_joint_controllers_20260613_053905/augpd_nofric_j5_pos5.csv
sim,computed_torque_baseline,5,5.0,2927,7.997626690000061,365.9835740595161,5.0,-0.013689661285770519,-0.27379322571541037,5.013689361665662,5.013689361665662,3.9918558921015097,0.002773126239779252,nan,8.652045852075268e-05,q_des,tau_total,,logs/sim_compare_joint_controllers_20260613_053905/computed_torque_baseline_j5_pos5.csv
sim,cpid_fric2p5,5,5.0,2971,7.9979499959999885,371.47018942177493,5.000000000000001,4.542672518251491,90.8534503650298,0.45733178668972707,0.8748466388323698,0.5967583974770325,1.0541486551178354,nan,0.04181400263433093,q_des,tau_total,,logs/sim_compare_joint_controllers_20260613_053905/cpid_fric2p5_j5_pos5.csv
sdk,sdk_lowcmd,5,10.0,1082,4.997013935000268,216.52931412126267,9.999999999955804,9.850561359911977,98.50561359955512,0.149438640043827,0.44867017344462157,0.211933422975245,0.015058030475545511,1.911216139793396,0.12872786819934845,q_cmd,tau_sdk_cmd,tau_state,logs/sim_compare_joint_controllers_20260613_053905/sdk_lowcmd/workspace_j5_pos10deg_sdk_lowcmd.csv
sim,augpd_fric2p5,5,10.0,3144,7.999549202000026,393.0221466997097,10.0,10.05213513781232,100.5213513781232,-0.052135358532433805,0.30081969657182744,0.12175102159685929,1.0841556328618058,nan,0.09050528556896366,q_des,tau_total,,logs/sim_compare_joint_controllers_20260613_053905/augpd_fric2p5_j5_pos10.csv
sim,augpd_nofric,5,10.0,3337,7.9982411319999756,417.21672864413586,10.0,-0.002534870309471599,-0.02534870309471599,10.002538409519275,10.007006041754213,7.93715915591303,0.8821817645020721,nan,0.00019996546816411674,q_des,tau_total,,logs/sim_compare_joint_controllers_20260613_053905/augpd_nofric_j5_pos10.csv
sim,computed_torque_baseline,5,10.0,2976,7.998880242000041,372.05207603606783,10.0,-0.013859436916680807,-0.13859436916680806,10.01385955034671,10.01385955034671,7.930934379173424,0.004220030661352361,nan,8.660433257718437e-05,q_des,tau_total,,logs/sim_compare_joint_controllers_20260613_053905/computed_torque_baseline_j5_pos10.csv
sim,cpid_fric2p5,5,10.0,3032,7.998316434999651,379.0797756803344,10.0,9.724467218660015,97.24467218660016,0.27553713311596406,1.2592290920732043,0.7371532764383801,1.0933620024307973,nan,0.08228449483507556,q_des,tau_total,,logs/sim_compare_joint_controllers_20260613_053905/cpid_fric2p5_j5_pos10.csv
sdk,sdk_lowcmd,5,30.0,1226,4.995071380999889,245.44193795977054,29.99999999901327,29.853499253544808,99.51166418175573,0.14659466056955062,0.5643207500331366,0.3134851016517847,0.02204025635836574,1.9746556282043457,0.28915998339653015,q_cmd,tau_sdk_cmd,tau_state,logs/sim_compare_joint_controllers_20260613_053905/sdk_lowcmd/workspace_j5_pos30deg_sdk_lowcmd.csv
sim,augpd_fric2p5,5,30.0,3168,7.999889152000151,396.0054870520211,29.999999999999996,30.12366782715452,100.41222609051508,-0.12366805505190177,0.7002269496800055,0.32108356015581213,1.244721159127585,nan,0.2637992874867071,q_des,tau_total,,logs/sim_compare_joint_controllers_20260613_053905/augpd_fric2p5_j5_pos30.csv
sim,augpd_nofric,5,30.0,3342,7.999824852000074,417.7591462098637,29.999999999999996,18.609181635657066,62.030605452190215,11.390822822588108,14.218330892199797,10.724072692898066,1.2267360932420734,nan,0.21922521463506955,q_des,tau_total,,logs/sim_compare_joint_controllers_20260613_053905/augpd_nofric_j5_pos30.csv
sim,computed_torque_baseline,5,30.0,3134,7.997138931999871,391.8901530470561,29.999999999999996,-0.014306179247693616,-0.04768726415897872,30.01430542423159,30.01430542423159,23.955804292798465,0.010117875824329443,nan,8.746766888282857e-05,q_des,tau_total,,logs/sim_compare_joint_controllers_20260613_053905/computed_torque_baseline_j5_pos30.csv
sim,cpid_fric2p5,5,30.0,2947,7.99778207899999,368.4771566529706,29.999999999999996,29.897711315413577,99.65903771804525,0.1022983147090694,2.949981690029826,1.5567036591637695,1.2517271379752388,nan,0.2528872644639513,q_des,tau_total,,logs/sim_compare_joint_controllers_20260613_053905/cpid_fric2p5_j5_pos30.csv
sdk,sdk_lowcmd,6,-30.0,1296,4.997927730000356,259.3074710185751,-29.999999999969088,-24.37892312787046,81.26307709298527,-5.621111076405331,5.945130228889885,4.712924447364528,0.006210452235464373,30.0,2.634244441986084,q_cmd,tau_sdk_cmd,tau_state,logs/sim_compare_joint_controllers_20260613_053905/sdk_lowcmd/workspace_j6_neg30deg_sdk_lowcmd.csv
sim,augpd_fric2p5,6,-30.0,3225,7.99797931299986,403.2268494065879,-29.999999999999996,-30.07044558034392,100.23481860114642,0.07044834644194914,0.7290084586565712,0.1588550918534011,3.0,nan,2.0086056957867355,q_des,tau_total,,logs/sim_compare_joint_controllers_20260613_053905/augpd_fric2p5_j6_neg30.csv
sim,augpd_nofric,6,-30.0,3331,7.999721529999988,416.38949399779983,-29.999999999999996,-18.59081530709747,61.96938435699157,-11.409159746972698,14.005737837781007,10.659846418964316,1.2048243280360518,nan,0.21451250194668736,q_des,tau_total,,logs/sim_compare_joint_controllers_20260613_053905/augpd_nofric_j6_neg30.csv
sim,computed_torque_baseline,6,-30.0,3006,7.999339660999794,375.78101785770355,-29.999999999999996,0.009207874571566722,-0.030692915238555742,-30.009205425350114,30.009205425350114,23.911113595299806,0.00689784493544551,nan,5.9776841245822736e-05,q_des,tau_total,,logs/sim_compare_joint_controllers_20260613_053905/computed_torque_baseline_j6_neg30.csv
sim,cpid_fric2p5,6,-30.0,2906,7.998674682000001,363.31018769141633,-29.999999999999996,-30.047908301461252,100.15969433820418,0.047907654164995685,0.5048181486385472,0.14520205339931105,1.755143686736044,nan,0.7618491809904285,q_des,tau_total,,logs/sim_compare_joint_controllers_20260613_053905/cpid_fric2p5_j6_neg30.csv
sdk,sdk_lowcmd,6,-10.0,1293,4.996301556000162,258.7914251186879,-9.999999999895763,-4.743704956708813,47.4370495675826,-5.2563437082847875,5.591571294649016,3.3677789002282625,0.0035957098531075307,30.0,2.2781076431274414,q_cmd,tau_sdk_cmd,tau_state,logs/sim_compare_joint_controllers_20260613_053905/sdk_lowcmd/workspace_j6_neg10deg_sdk_lowcmd.csv
sim,augpd_fric2p5,6,-10.0,3097,7.997412876999988,387.25023299806867,-10.0,-9.929556594450473,99.29556594450472,-0.07044063609899373,0.9443869973666198,0.18016364130445056,3.0,nan,2.010131549299712,q_des,tau_total,,logs/sim_compare_joint_controllers_20260613_053905/augpd_fric2p5_j6_neg10.csv
sim,augpd_nofric,6,-10.0,3309,7.999099621000028,413.67155764792403,-10.0,0.005777476055774452,-0.057774760557744526,-10.005759704777024,10.005759704777024,7.910833370864558,0.8777843110977248,nan,0.002449312781525033,q_des,tau_total,,logs/sim_compare_joint_controllers_20260613_053905/augpd_nofric_j6_neg10.csv
sim,computed_torque_baseline,6,-10.0,3177,7.998133816000063,397.2176601552342,-10.0,0.009336014150689586,-0.09336014150689585,-10.009332728077467,10.009332728077467,7.935245701517976,0.004781783637833935,nan,6.02495745598455e-05,q_des,tau_total,,logs/sim_compare_joint_controllers_20260613_053905/computed_torque_baseline_j6_neg10.csv
sim,cpid_fric2p5,6,-10.0,2817,7.996969699999681,352.2584310904807,-10.0,-9.973558431893792,99.73558431893794,-0.026442445110369923,0.7086552780182918,0.1504034989395546,1.60851431529999,nan,0.6166940569055809,q_des,tau_total,,logs/sim_compare_joint_controllers_20260613_053905/cpid_fric2p5_j6_neg10.csv
sdk,sdk_lowcmd,6,-5.0,1200,4.999120668999694,240.04221531226122,-4.999999999999822,-4.779394722834539,95.58789445669417,-0.2206590649049972,0.24665466885067303,0.20325587461457242,0.0035945152565017464,1.5684473514556885,0.10356929898262024,q_cmd,tau_sdk_cmd,tau_state,logs/sim_compare_joint_controllers_20260613_053905/sdk_lowcmd/workspace_j6_neg5deg_sdk_lowcmd.csv
sim,augpd_fric2p5,6,-5.0,3017,7.997504792999962,377.2426623164656,-5.0,-5.10951039865371,102.19020797307421,0.10951411276684585,0.9587319003773396,0.18177645444846496,3.0,nan,2.010451645801649,q_des,tau_total,,logs/sim_compare_joint_controllers_20260613_053905/augpd_fric2p5_j6_neg5.csv
sim,augpd_nofric,6,-5.0,3303,7.999897977000046,412.8802654104124,-5.0,0.004668822025537603,-0.09337644051075206,-5.004641755046181,5.004641755046181,3.9504128195257646,0.44081719803404396,nan,0.00021036167323641643,q_des,tau_total,,logs/sim_compare_joint_controllers_20260613_053905/augpd_nofric_j6_neg5.csv
sim,computed_torque_baseline,6,-5.0,3112,7.999283430000105,389.0348463374749,-5.0,0.009198309568459411,-0.18396619136918824,-5.009195883472136,5.009195883472136,3.9396731465186123,0.004247230380901907,nan,0.00048143858517483995,q_des,tau_total,,logs/sim_compare_joint_controllers_20260613_053905/computed_torque_baseline_j6_neg5.csv
sim,cpid_fric2p5,6,-5.0,2850,7.999877481000112,356.25545600777184,-5.0,-5.060252433946708,101.20504867893416,0.060251924438997434,0.5165988660803208,0.14915332559098482,1.57006770994945,nan,0.5794699966291432,q_des,tau_total,,logs/sim_compare_joint_controllers_20260613_053905/cpid_fric2p5_j6_neg5.csv
sdk,sdk_lowcmd,6,5.0,1301,4.9985334519997195,260.276341549644,4.9999999999987566,-0.7234540637745737,-14.469081275495073,5.774931492000424,5.779121707093168,4.0244245605134,0.001815744158307546,30.0,2.2197306156158447,q_cmd,tau_sdk_cmd,tau_state,logs/sim_compare_joint_controllers_20260613_053905/sdk_lowcmd/workspace_j6_pos5deg_sdk_lowcmd.csv
sim,augpd_fric2p5,6,5.0,3180,7.998346695000009,397.5821655727811,5.0,4.8885799174233195,97.77159834846638,0.11142285930997227,0.7660780533220722,0.1837113353042721,3.0,nan,2.0108807117282694,q_des,tau_total,,logs/sim_compare_joint_controllers_20260613_053905/augpd_fric2p5_j6_pos5.csv
sim,augpd_nofric,6,5.0,3333,7.999334819999831,416.65964420777556,5.000000000000001,0.004394644693162274,0.08789289386324547,4.995612340114527,4.997246992760239,3.9498900774139822,0.4374800336214438,nan,0.0005395482291291338,q_des,tau_total,,logs/sim_compare_joint_controllers_20260613_053905/augpd_nofric_j6_pos5.csv
sim,computed_torque_baseline,6,5.0,3157,7.999256169999853,394.6616951510953,5.0,0.009536922586393838,0.19073845172787676,4.990467157770005,4.99416343343188,3.9748164486759565,0.003737087613182058,nan,5.9548652737178524e-05,q_des,tau_total,,logs/sim_compare_joint_controllers_20260613_053905/computed_torque_baseline_j6_pos5.csv
sim,cpid_fric2p5,6,5.0,2889,7.998005370000101,361.2150612997105,5.0,5.011781456321954,100.23562912643908,-0.01178233591468153,0.5424498777723327,0.13282248610762554,1.5620045523180675,nan,0.5507911497937414,q_des,tau_total,,logs/sim_compare_joint_controllers_20260613_053905/cpid_fric2p5_j6_pos5.csv
sdk,sdk_lowcmd,6,10.0,1316,4.999645763999979,263.21864830422123,9.999999999999964,4.2775199465022595,42.77519946502275,5.77575211392922,5.795069161235684,4.496755176170266,0.00212099418914114,30.0,2.320910930633545,q_cmd,tau_sdk_cmd,tau_state,logs/sim_compare_joint_controllers_20260613_053905/sdk_lowcmd/workspace_j6_pos10deg_sdk_lowcmd.csv
sim,augpd_fric2p5,6,10.0,3155,7.9985954679998486,394.4442511966352,10.0,10.051168777666101,100.511687776661,-0.05116599492817641,0.7060777233471205,0.15402261678733378,3.0,nan,2.0075538833505915,q_des,tau_total,,logs/sim_compare_joint_controllers_20260613_053905/augpd_fric2p5_j6_pos10.csv
sim,augpd_nofric,6,10.0,3341,7.999672403999966,417.64210223526726,10.0,0.0042742093741378745,0.042742093741378745,9.99574371929454,9.997199352886966,7.950334418627054,0.8743779809259551,nan,0.00201750208572022,q_des,tau_total,,logs/sim_compare_joint_controllers_20260613_053905/augpd_nofric_j6_pos10.csv
sim,computed_torque_baseline,6,10.0,3132,7.999532141999907,391.52289713995583,10.0,0.009638235086646532,0.09638235086646532,9.990364215510837,9.994098665369998,7.914753495716856,0.003744664076870614,nan,6.0123279121846553e-05,q_des,tau_total,,logs/sim_compare_joint_controllers_20260613_053905/computed_torque_baseline_j6_pos10.csv
sim,cpid_fric2p5,6,10.0,2930,7.998414109999885,366.32261842217144,10.0,10.002053074887346,100.02053074887345,-0.002054607995462635,0.5272728161737105,0.13510760734657198,1.5991530028611969,nan,0.5865882569093647,q_des,tau_total,,logs/sim_compare_joint_controllers_20260613_053905/cpid_fric2p5_j6_pos10.csv
sdk,sdk_lowcmd,6,30.0,1322,4.999029676999726,264.45132063977394,29.999999999998078,24.277991074627657,80.9266369154307,5.723164934887445,5.8284772562800065,4.870842642569734,0.007627230749399991,30.0,2.6346628665924072,q_cmd,tau_sdk_cmd,tau_state,logs/sim_compare_joint_controllers_20260613_053905/sdk_lowcmd/workspace_j6_pos30deg_sdk_lowcmd.csv
sim,augpd_fric2p5,6,30.0,3024,7.995255838000048,378.2242946657765,29.999999999999996,30.007085285031046,100.02361761677015,-0.007081623349179967,0.6263854566944046,0.15514362302785353,3.0,nan,2.0104243308215435,q_des,tau_total,,logs/sim_compare_joint_controllers_20260613_053905/augpd_fric2p5_j6_pos30.csv
sim,augpd_nofric,6,30.0,3287,7.999752955999838,410.88768841727045,29.999999999999996,18.342304749285127,61.14101583095042,11.657709127916151,14.264890481688319,10.866543268432208,1.2263499054866769,nan,0.21629775868084894,q_des,tau_total,,logs/sim_compare_joint_controllers_20260613_053905/augpd_nofric_j6_pos30.csv
sim,computed_torque_baseline,6,30.0,3186,7.999046847000045,398.29745480173983,29.999999999999996,0.009722583476032923,0.03240861158677641,29.990299618594765,29.994014424830535,23.795582228728858,0.003750409236490131,nan,0.0001248898259072863,q_des,tau_total,,logs/sim_compare_joint_controllers_20260613_053905/computed_torque_baseline_j6_pos30.csv
sim,cpid_fric2p5,6,30.0,2961,7.997228790999998,370.2532561444635,29.999999999999996,30.069236856929514,100.23078952309838,-0.0692384818584658,0.4645746637915989,0.1292199118867525,1.749027221552567,nan,0.736508526212891,q_des,tau_total,,logs/sim_compare_joint_controllers_20260613_053905/cpid_fric2p5_j6_pos30.csv
